Title,URL,Published At
"Missouri man convicted of raping, killing 9 year old Rowan Ford asking for sentence to be vacated",https://www.fourstateshomepage.com/news/crime/missouri-man-convicted-of-raping-killing-9-year-old-rowan-ford-asking-for-sentence-to-be-vacated/,2024-07-19T02:50:10Z
"Senators Press AT&T, Snowflake For Answers on Wide-ranging Data Breach",https://news.slashdot.org/story/24/07/17/1317258/senators-press-att-snowflake-for-answers-on-wide-ranging-data-breach,2024-07-17T14:00:00Z
3 underrated Netflix shows you should watch this weekend (July 12-14),https://www.digitaltrends.com/movies/underrated-netflix-shows-watch-this-weekend-july-12-14-2024/,2024-07-12T21:45:11Z
Top 10 Best Rank Tracker Tools of 2024,https://blog.hubspot.com/marketing/best-rank-tracker#article,2024-07-10T11:00:00Z
Zenless Zone Zero – What time is the daily server reset?,https://readwrite.com/zenless-zone-zero-what-time-is-the-daily-server-reset/,2024-07-05T09:36:51Z
"Flint, MI is giving pregnant residents a “cash prescription” of $1500 during...",https://kottke.org/24/07/0045000-flint-mi-is-giving-pregna,2024-07-23T20:55:58Z
Unhoused participants in the Denver Basic Income Project used their $1000/mo to...,https://kottke.org/24/06/0044873-unhoused-participants-in-,2024-06-26T13:38:56Z
Samsung greets athletes with a new Galaxy Z Flip 6 Olympic Edition,https://www.androidcentral.com/phones/samsung-galaxy-z-flip-6-olympic-edition-paris-2024,2024-07-12T13:14:16Z
"If You're Bored of Waiting for Spotify HiFi, Try These 5 Hi-Res Audio Alternatives",https://www.makeuseof.com/hi-res-audio-alternatives-to-spotify-hifi/,2024-07-04T14:30:12Z
Test Seagate Game Drive PS5 2 To : un SSD pour PS5 et PC très rapide et parfaitement refroidit,https://www.lesnumeriques.com/ssd/seagate-game-drive-ps5-2-to-p75178/test.html,2024-06-27T15:00:00Z
LIST: These St. Louis-area fireworks shows are postponed due to weather,https://fox2now.com/news/missouri/list-these-st-louis-area-fireworks-shows-are-postponed-due-to-weather/,2024-07-03T15:37:11Z
"Everything Announced at Galaxy Unpacked 2024: Watches, Foldables, and the One Ring to Rule Them All",https://gizmodo.com/everything-announced-at-samsung-unpacked-2024-watches-foldables-and-the-one-ring-to-rule-them-all-2000455850,2024-07-10T16:15:54Z
It’s a showdown with Sabretooth in latest Deadpool and Wolverine trailer,https://arstechnica.com/culture/2024/06/its-a-showdown-with-sabretooth-in-latest-deadpool-and-wolverine-trailer/,2024-06-28T16:23:45Z
Final Deadpool and Wolverine trailer features a familiar face from Logan,https://arstechnica.com/culture/2024/07/final-deadpool-and-wolverine-trailer-strikes-a-surprisingly-somber-note/,2024-07-19T17:22:07Z
So What’s with That ‘Sopranos’ Season 5 Wipe Transition?,https://www.indiewire.com/features/craft/sopranos-season-5-wipe-transition-why-1235019433/,2024-06-24T22:00:00Z
WATCH: Flooding forces cars underwater near Manchester,https://fox2now.com/news/missouri/watch-flooding-forces-cars-underwater-near-manchester/,2024-07-16T21:58:00Z
7 Community Management Tools the Pros Actually Use [Expert Recommendations],https://blog.hubspot.com/marketing/community-management-tools#article,2024-07-12T11:00:00Z
The top 10 Samsung Galaxy AI features,https://www.androidpolice.com/samsung-galaxy-ai-best-ai-features/,2024-07-18T07:16:12Z
Personal Shopper „Buzz Plug“: Sie kleiden die Weltstars ein,https://www.faz.net/aktuell/stil/mode-design/buzz-plug-diese-personal-shopper-decken-fussballer-und-rapper-ein-19783142.html,2024-06-27T12:35:29Z
Personal Shopper „Buzz Plug“: Sie kleiden die Weltstars ein,https://www.faz.net/aktuell/stil/mode-design/sie-kleiden-fussballer-und-rapper-ein-die-personal-shopper-buzz-plug-19783142.html,2024-06-27T12:35:29Z
"Gillian Welch and David Rawlings Announce Album and U.S. Tour, Share New Song: Listen",https://pitchfork.com/news/gillian-welch-and-david-rawlings-announce-album-and-us-tour-share-new-song-listen/,2024-07-19T13:09:02Z
Actualité : Voici la meilleure carte microsd à prix abordable de notre comparatif,https://www.lesnumeriques.com/carte-micro-sd/voici-la-meilleure-carte-microsd-a-prix-abordable-de-notre-comparatif-n223993.html,2024-07-10T05:01:22Z
"A new Galaxy S24 Ultra update is coming soon, and it sounds like a big deal",https://www.digitaltrends.com/mobile/a-new-samsung-galaxy-s24-ultra-update-is-coming-soon-sounds-like-a-big-deal/,2024-07-08T14:26:43Z
How annual pre-pay creates an infinite marketing budget,https://longform.asmartbear.com/annual-prepay/,2024-07-14T09:50:24Z
Raytown teacher fired after video shows her ‘clotheslining’ student,https://fox4kc.com/news/raytown-teacher-fired-after-video-shows-her-clotheslining-student/,2024-06-26T02:09:34Z
"5-Film Lionsgate Collection Bundles (Digital HDX): Jason Statham, Assassin $10 each & More",https://slickdeals.net/f/17597811-5-film-lionsgate-collection-bundles-digital-hdx-jason-statham-assassin-10-each-more,2024-07-04T21:17:04Z
"Tri-City Herald death notices July 19, 2024",https://www.tri-cityherald.com/news/local/obituaries/article290245799.html,2024-07-20T12:00:00Z
Chorus or cacophony? Cicada song hits some ears harder than others,https://www.npr.org/sections/shots-health-news/2024/06/26/nx-s1-5010406/loud-cicada-song-autism-sensory-issues,2024-06-26T09:00:00Z
"The U.S. is eliminated from Copa America, increasing the pressure to fire its coach",https://www.npr.org/2024/07/02/g-s1-7640/us-eliminated-copa-america,2024-07-02T04:27:31Z
What's The Big Frigin' Difference?!,https://www.tmz.com/2024/07/20/whats-the-big-frigin-difference/,2024-07-20T07:30:38Z
Samsung unveils Galaxy Z Fold 6 and Z Flip 6 with new AI features,https://readwrite.com/samsung-galaxy-z-fold-6-flip-6-ai/,2024-07-15T13:47:55Z
"X Announce Final Album and Farewell Tour, Share Video for New Song “Big Black X”: Watch",https://pitchfork.com/news/x-announce-final-album-and-farewell-tour-share-video-for-new-song-big-black-x-watch/,2024-06-25T16:56:57Z
"Référence absolue des SSD, le Samsung 870 Evo se fait éclater pendant le Prime Day (-55%) ",https://www.journaldugeek.com/bon-plan/reference-absolue-des-ssd-le-samsung-870-evo-se-fait-eclater-pendant-le-prime-day/,2024-07-16T09:49:44Z
Free mobile a l’annonce parfaite pour vos vacances d’été,https://www.journaldugeek.com/2024/07/23/free-mobile-a-lannonce-parfaite-pour-vos-vacances-dete/,2024-07-23T12:29:20Z
Bhad Bhabie Posts Kissing Video with Le Vaughn Despite Recent On Cam Attack,https://www.tmz.com/2024/07/17/bhad-bhabie-le-vaughn-kissing-video-assault-attack/,2024-07-17T14:32:20Z
"Ce disque dur avec 2 To de stockage est à un tarif choc, merci Amazon et le Prime Day",https://www.journaldugeek.com/bon-plan/ce-disque-dur-avec-2-to-de-stockage-est-a-un-tarif-choc-merci-amazon-et-le-prime-day/,2024-07-16T06:47:59Z
"4x fois moins cher que la concurrence, ce forfait 220 Go en 5G est une FOLIE ",https://www.journaldugeek.com/bon-plan/4x-fois-moins-cher-que-la-concurrence-ce-forfait-220-go-en-5g-est-une-folie/,2024-06-27T10:12:16Z
Essential AI Tools and Tips for Every Student,https://www.makeuseof.com/essential-ai-tools-and-tips-for-every-student/,2024-07-03T11:30:15Z
"Samsung Launches New Galaxy Z Fold6 and Z Flip6 Smartphones, Earbuds, and More",https://www.macrumors.com/2024/07/10/samsung-galaxy-z-fold6-flip6/,2024-07-10T13:05:51Z
Swath of storms flood the Ozarks and ravage an upstate New York community,https://www.npr.org/2024/07/18/nx-s1-5044310/swath-of-storms-flood-the-ozarks-and-ravage-an-upstate-new-york-community,2024-07-18T05:52:54Z
"As she is poised to be the Democratic nominee, here are 5 things about Kamala Harris",https://www.npr.org/2024/07/24/g-s1-12918/kamala-harris-vice-president-senator-ag-california-first,2024-07-24T15:46:02Z
"Avec cette offre Amazon, avoir un SSD NVMe M.2 (PCIe Gen 4) de 4 To ne coûte plus si cher que ça",https://www.frandroid.com/bons-plans/2091470_avec-cette-offre-amazon-avoir-un-ssd-nvme-m-2-pcie-gen-4-de-4-to-ne-coute-plus-si-cher-que-ca,2024-07-24T13:21:08Z
"Chat Pile Announce Album and Tour, Share New Song: Listen",https://pitchfork.com/news/chat-pile-announce-album-and-tour-share-new-song-listen/,2024-07-16T13:20:11Z
"Severe storms hit Kansas City area, knocking down trees, power lines and semis",https://fox4kc.com/news/severe-storms-hit-kansas-city-area-knocking-down-trees-powerlines-and-semis/,2024-07-03T02:33:56Z
"Sans Wembanyama, les basketteurs français s’inclinent face à l’Allemagne en préparation des JO de Paris",https://www.lemonde.fr/sport/article/2024/07/09/sans-wembanyama-les-basketteurs-francais-s-inclinent-face-a-l-allemagne-en-preparation-des-jo-de-paris_6248062_3242.html,2024-07-08T22:14:12Z
Missouri woman who served 43 years in prison is free after her murder conviction was overturned,https://www.yahoo.com/news/three-courts-agree-woman-deemed-165805156.html,2024-07-19T16:58:05Z
Ce (tout petit) SSD Lexar va changer votre manière d’envisager la sauvegarde de données [Sponso],https://www.frandroid.com/produits-android/hardware/stockage/2077022_ce-tout-petit-ssd-lexar-va-changer-votre-maniere-denvisager-la-sauvegarde-de-donnees,2024-07-16T09:58:56Z
Forfait à 2 euros : Free Mobile retravaille encore ses options Booster,https://www.frandroid.com/marques/free/2076590_forfait-a-2-euros-free-mobile-retravaille-encore-ses-options-booster,2024-07-11T09:18:33Z
Disappointing Early Exit From Copa América Raises Doubts Instead of Hopes for U.S. Soccer,https://time.com/6994397/us-soccer-loss-copa-america-disappointment-fire-coach-gregg-berhalter/,2024-07-02T05:00:00Z
"Pour battre le Ryzen 7800X3D, AMD revoit le TDP du futur Ryzen 9700X, de 65 à 120 watts",https://www.clubic.com/actualite-531027-pour-battre-le-ryzen-7800x3d-amd-revoit-le-tdp-du-futur-ryzen-9700x-de-65-a-120-watts.html,2024-06-30T08:33:00Z
4 VPNs That Don't Require You to Sign Up or Register,https://www.makeuseof.com/vpns-that-dont-require-registration/,2024-06-27T15:30:11Z
"This Affordable Live TV Streaming Service Just Launched, but How Does It Compare to Philo?",https://www.makeuseof.com/philo-vs-zipwave-tv/,2024-07-05T16:30:12Z
"New massive liquid cooling radiator weighs over 35lbs, holds nine 200mm fans — MO-RA IV 600 costs close to $600",https://www.tomshardware.com/pc-components/liquid-cooling/new-massive-liquid-cooling-radiator-weighs-over-35lbs-holds-nine-200mm-fans,2024-07-19T17:17:54Z
Samsung Galaxy Z Flip 5: How it started and how it's going,https://www.androidcentral.com/phones/samsung-galaxy-z-flip-5-how-it-started-how-its-going,2024-07-09T08:00:00Z
Trench collapses have killed hundreds of workers in the U.S. over the last decade,https://www.npr.org/2024/07/20/g-s1-9028/osha-construction-safety-trench-collapse,2024-07-21T10:00:00Z
Occhiali da sole? Scopri le offerte outlet di Hawkers! Sconti oltre il 60%!,https://www.tomshw.it/altro/occhiali-da-sole-scopri-le-offerte-outlet-di-hawkers-sconti-oltre-il-60,2024-06-26T10:53:19Z
"9800X3D, 9900X3D et 9950X3D : pas moins de trois Ryzen 9000X3D prévus par AMD",https://www.clubic.com/actualite-531777-x3d-9900x3d-et-9950x3d-pas-moins-de-trois-ryzen-9000x3d-prevus-par-amd.html,2024-07-07T07:24:00Z
Gillian Welch & David Rawlings – “Empty Trainload Of Sky”,https://www.stereogum.com/2272358/gillian-welch-david-rawlings-empty-trainload-of-sky/music/,2024-07-19T13:25:28Z
Witt falls 1B shy of cycle after being plunked,https://www.espn.com/mlb/story/_/id/40621360/bobby-witt-jr-just-having-fun-falls-single-shy-cycle,2024-07-23T04:26:49Z
Amazon réduit de 20 % le prix de ce SSD 1 To parfait pour PS5 lors des soldes,https://www.frandroid.com/bons-plans/2070172_amazon-reduit-de-20-le-prix-de-ce-ssd-1-to-parfait-pour-ps5-lors-des-soldes,2024-07-05T13:18:20Z
飛利浦全新「雙溫萃取雲朵拿鐵機」上市，早鳥預購下單即享星巴克咖啡豆,https://www.techbang.com/posts/116965-philips-new-dual-temperature-extraction-cloud-latte-machine,2024-07-21T03:00:00Z
Sexyy Red To Embark on 'The Sexyy Red 4 President Tour',https://hypebeast.com/2024/6/sexyy-red-4-president-tour-dates-ticket-info,2024-06-26T15:42:00Z
Lunar Lakeに搭載される正体不明のメモリーサイドキャッシュ　インテル CPUロードマップ,https://weekly.ascii.jp/elem/000/004/209/4209869/,2024-07-15T03:00:00Z
House of the Dragon Just Set the World on Fire,https://gizmodo.com/house-of-the-dragon-season-2-episode-4-recap-rhaenys-aegon-2000376956,2024-07-08T15:00:40Z
L’excellentissime SSD SanDisk Extreme de 4 To est à prix cadeau sur Amazon,https://www.journaldugeek.com/bon-plan/lexcellentissime-ssd-sandisk-extreme-de-4-to-est-a-prix-cadeau-sur-amazon/,2024-06-25T15:14:57Z
"Amazon sacrifie le prix du SSD NVMe Crucial P3 Plus de 4 To, la remise est FOLLE ",https://www.journaldugeek.com/bon-plan/amazon-sacrifie-le-prix-du-ssd-nvme-crucial-p3-plus-de-4-to-la-remise-est-folle/,2024-07-22T06:45:17Z
Can Biden come back from a bad debate the way Reagan did in 1984?,https://www.npr.org/2024/06/29/g-s1-7260/biden-debate-reagan,2024-06-29T09:00:00Z
Walgreens Is Closing 91 Stores This Year — Here's the Full List,https://www.goodhousekeeping.com/life/money/a61473343/walgreens-stores-closing-list-2024/,2024-07-06T12:00:00Z
Select Audible Accounts: 3-Months Audible Premium Plus Membership Trial $1 Per Month,https://slickdeals.net/f/17602539-select-audible-accounts-3-months-audible-premium-plus-membership-trial-1-per-month,2024-07-07T22:32:27Z
Artlist can now create AI Voiceovers so you don’t have to,https://www.diyphotography.net/artlist-can-now-create-ai-voiceovers-so-you-dont-have-to/,2024-07-02T14:45:17Z
Watercool представила огромные радиаторы MO-RA IV для систем жидкостного охлаждения,https://3dnews.ru/1108240/watercool-predstavila-ogromnie-radiatori-mora-iv-dlya-kastomnih-konturov-sistem-gidkostnogo-ohlagdeniya,2024-07-19T23:06:00Z
Catturati da Juno colori e vortici nell'atmosfera di Giove,https://www.ansa.it/canale_scienza/notizie/spazio_astronomia/2024/07/24/catturati-da-juno-colori-e-vortici-nellatmosfera-di-giove-_f0821346-3cff-45c5-be69-1d3c7697925e.html,2024-07-24T07:32:45Z
Gypsy Rose Blanchard Rips Tourists Visiting Murder House,https://www.tmz.com/2024/07/10/gypsy-rose-blanchard-rips-tourists-visiting-murder-house/,2024-07-10T17:14:11Z
"Woman Gets Instant Karma in Road Rage Incident, Car Crashes into SUV",https://www.tmz.com/2024/07/09/karen-road-rage-karma-video-car-park-brake-crash-drunk/,2024-07-09T17:07:30Z
"Man Stabbed In 2 Cold Scorpio Fight Needed Staples, Stitches, Horrific Pics Show",https://www.tmz.com/2024/06/25/man-stabbed-2-cold-scorpio-fight-staples-stitches-horrific-pics/,2024-06-25T07:20:32Z
MO Attorney General Sticks It To Student Loan Forgiveness,https://crooksandliars.com/2024/07/mo-attorney-general-sticks-it-student-loan,2024-07-19T12:00:04Z
MJ Lenderman Announces North American Tour,https://pitchfork.com/news/mj-lenderman-announces-north-american-tour/,2024-07-09T17:01:45Z
Virgin Plus jacks prices of most plans by $5 to $10,https://mobilesyrup.com/2024/07/04/virgin-plus-hikes-price-4g-plans/,2024-07-04T15:18:05Z
"Samsung Unpacked event unveils Galaxy Ring, Z Fold 6, Watch, and Buds",https://readwrite.com/samsung-unpacked-event-galaxy-ring-z-fold-flip-6/,2024-07-11T08:58:52Z
One UI 6.1.1 está a punto de llegar a tu Samsung. Y viene cargada de novedades,https://www.xatakandroid.com/listas/one-ui-6-1-1-esta-a-punto-llegar-a-tu-samsung-viene-cargada-novedades,2024-07-16T12:01:00Z
Record 4K 100fps Slow-Mo with the DJI Avata 2 Firmware Update,https://nofilmschool.com/dji-avata-2-firmware-update,2024-07-08T16:10:52Z
Un SSD externe rapide à moins de 100 € ? C’est possible pendant les soldes d’été avec le Lexar E6,https://www.frandroid.com/bons-plans/2060410_un-ssd-externe-rapide-a-moins-de-100-e-cest-possible-pendant-les-soldes-dete-avec-le-lexar-e6,2024-06-26T15:42:30Z
Ce SSD doté d’une grosse capacité de stockage de 2 To est soldé à un super prix,https://www.frandroid.com/bons-plans/2068106_pny-cs900-2-to-de-stockage-coute-moins-de-100-e-avec-ce-ssd-en-solde,2024-07-04T08:54:14Z
Source: Wagner agrees to 2-year deal with Magic,https://www.espn.com/nba/story/_/id/40483352/mo-wagner-agrees-new-deal-orlando-magic,2024-07-02T19:40:59Z
"Alex Marangon, a Chi l’ha visto? rivelato il lapsus profetico dello sciamano Andrea Zuin: “Perché da quando è mo….”. Sciarelli: “Impressionante”",https://www.ilfattoquotidiano.it/2024/07/11/alex-marangon-a-chi-lha-visto-rivelato-il-lapsus-profetico-dello-sciamano-andrea-zuin-perche-da-quando-e-mo-sciarelli-impressionante/7619853/,2024-07-11T12:00:48Z
Les Nothing Phone (2) et Phone (2a) gagnent cinq nouvelles fonctions avec cette mise à jour,https://www.frandroid.com/marques/nothing/2076508_les-nothing-phone-2-et-phone-2a-gagnent-cinq-nouvelles-fonctions-avec-cette-mise-a-jour,2024-07-11T09:21:19Z
"La debacle di Biden, ma lui non molla. 'Intendo vincere'",https://www.ansa.it/sito/notizie/mondo/2024/06/28/la-debacle-di-biden-ma-lui-non-molla.-intendo-vincere_5810be51-8541-4f72-b27e-42d924ab2100.html,2024-06-28T18:34:15Z
MO-1 MkII monitors from ME Geithein,https://www.soundonsound.com/news/mo-1-mkii-monitors-me-geithein,2024-07-12T06:30:00Z
"I Just Returned From Paris and Now I Want These 33 J.Crew, Zara, and Mango Items",https://www.whowhatwear.com/fashion/shopping/affordable-french-girl-shopping,2024-07-02T16:20:04Z
Actualité : Free ajoute deux boosters à son forfait mobile à 2 euros,https://www.lesnumeriques.com/societe-numerique/free-ajoute-deux-boosters-a-son-forfait-mobile-a-2-euros-n224049.html,2024-07-11T13:41:00Z
"GWAR kicks off A.V. Undercover season 9 with unique take on Barbie's ""I'm Just Ken""",https://www.avclub.com/av-undercover-season-9-gwar-im-just-ken-video-barbie-1851595852,2024-07-17T14:00:00Z
台灣大哥大開賣Kobo Libra Colour 7 吋彩色電子書閱讀器套裝專案，申辦 5G 特定方案即可 0 元帶走,https://www.techbang.com/posts/116575-rakuten-kobo-joins-hands-with-taiwan-big-brother-to-launch,2024-07-02T09:58:00Z
Smishing Triad Targets India with Fraud Surge,https://www.infosecurity-magazine.com/news/smishing-triad-targets-india-fraud/,2024-07-10T16:30:00Z
Samsung Galaxy Z Fold 5: How it started and how's it going,https://www.androidcentral.com/phones/samsung-galaxy-z-fold-5-how-it-started-how-its-going,2024-07-05T18:00:09Z
"Avant le Prime Day, Amazon sort un prix EXTRA sur le SSD Crucial X9 4 To ",https://www.journaldugeek.com/bon-plan/avant-le-prime-day-amazon-sort-un-prix-extra-sur-le-ssd-crucial-x9-4-to/,2024-07-04T15:50:27Z
Jump Trading Drags FTX Estate to Court Over $264M Serum Token Loan,https://www.coindesk.com/policy/2024/07/11/jump-trading-drags-ftx-estate-to-court-over-264m-serum-token-loan/,2024-07-11T06:18:47Z
Comedian Mo Welch Perfected ‘Dad Jokes’ After Her Father Abandoned Her,https://www.thedailybeast.com/mo-welch-perfected-dad-jokes-after-her-father-abandoned-her,2024-06-26T08:45:36Z
Origami Angel – “Dirty Mirror Selfie” & “Where Blue Light Blooms”,https://www.stereogum.com/2272712/origami-angel-dirty-mirror-selfie-where-blue-light-blooms/music/,2024-07-23T13:55:03Z
Maxwell Stern – “How’d You Find Me” (Feat. Ratboys),https://www.stereogum.com/2271974/maxwell-stern-howd-you-find-me-feat-ratboys/music/,2024-07-17T19:03:09Z
"Telus raises price of some plans, reduces included data for others",https://mobilesyrup.com/2024/07/10/telus-raises-plan-prices-reduces-data/,2024-07-10T18:41:24Z
